,team_id,team_and_mascot,team_abb,team_city_state,team_first_yr,team_last_yr,team_years,game_count,win_count,loss_count,win_pct,srs_rating,str_of_sched,final_ap_polls_ranked,conf_reg,conf_tourn,ncaa_appearances,final_four_appearances,ncaa_champ_won
0,1,Abilene Christian Wildcats,abilene-christian,"Abilene, Texas",1971,2020,10,268,130,138,.485,-11.69,-6.52,0,0,1,1,0,0
1,2,Air Force Falcons,air-force,"USAF Academy, Colorado",1958,2020,62,1676,731,945,.436,-2.66,1.31,0,1,0,4,0,0
2,3,Akron Zips,akron,"Akron, Ohio",1902,2020,69,1567,922,645,.588,-0.31,-1.67,0,8,4,4,0,0
3,4,Alabama A&M Bulldogs,alabama-am,"Normal, Alabama",2000,2020,21,585,224,361,.383,-17.35,-10.75,0,1,1,1,0,0
4,5,Alabama Crimson Tide,alabama,"Tuscaloosa, Alabama",1913,2020,107,2729,1679,1049,.615,7.15,4.46,15,10,7,21,0,0
5,6,Alabama State Hornets,alabama-state,"Montgomery, Alabama",1983,2020,38,1100,532,568,.484,-12.83,-9.47,0,4,4,4,0,0
6,7,Alabama-Birmingham Blazers,alabama-birmingham,"Birmingham, Alabama",1980,2020,41,1292,804,488,.622,6.26,2.41,2,7,5,15,0,0
7,8,Albany (NY) Great Danes,albany-ny,"Albany, New York",2000,2020,21,630,314,316,.498,-6.81,-6.53,0,2,5,5,0,0
8,9,Alcorn State Braves,alcorn-state,"Alcorn State, Mississippi",1978,2020,43,1251,539,712,.431,-13.51,-8.42,0,10,6,6,0,0
9,10,Allegheny Gators,allegheny,"Meadville, Pennsylvania",1896,1916,21,234,191,41,.823,,,0,0,0,,,
10,11,American Eagles,american,"Washington, D.C.",1967,2020,54,1507,740,767,.491,-5.70,-3.79,0,7,3,3,0,0
11,12,Amherst Lord Jeffs,amherst,"Amherst, Massachusetts",1901,1902,2,12,12,0,1.000,,,0,0,0,,,
12,13,Appalachian State Mountaineers,appalachian-state,"Boone, North Carolina",1974,2020,47,1359,661,698,.486,-5.70,-3.15,0,10,2,2,0,0
13,14,Arizona State Sun Devils,arizona-state,"Tempe, Arizona",1912,2020,105,2542,1350,1192,.531,5.11,3.80,7,8,0,16,0,0
14,15,Arizona Wildcats,arizona,"Tucson, Arizona",1905,2020,113,2727,1792,934,.657,9.03,4.88,27,24,7,35,4,1
15,16,Arkansas Razorbacks,arkansas,"Fayetteville, Arkansas",1924,2020,97,2647,1692,955,.639,7.83,3.06,16,26,7,32,6,1
16,17,Arkansas State Red Wolves,arkansas-state,"State University, Arkansas",1971,2020,50,1426,732,694,.513,-3.60,-3.07,0,7,1,1,0,0
17,18,Arkansas-Pine Bluff Golden Lions,arkansas-pine-bluff,"Pine Bluff, Arkansas",1999,2020,22,642,195,447,.304,-19.55,-8.06,0,0,1,1,0,0
18,19,Armstrong Pirates,armstrong,"Savannah, Georgia",1987,1987,1,28,6,22,.214,-21.60,-4.78,0,0,0,0,0,0
19,20,Army Black Knights,army,"West Point, New York",1903,2020,118,2490,1237,1253,.497,-9.26,-4.56,0,0,0,0,0,0
20,21,Auburn Tigers,auburn,"Auburn, Alabama",1906,2020,114,2573,1369,1203,.532,5.54,4.00,7,4,2,10,1,0
21,22,Augusta State Jaguars,augusta-state,"Augusta, Georgia",1985,1991,7,197,64,133,.325,-17.30,-8.00,0,0,0,0,0,0
22,23,Augustana (IL) Vikings,augustana-il,"Rock Island, Illinois",1902,1917,12,116,81,35,.698,,,0,0,0,,,
23,24,Austin Peay Governors,austin-peay,"Clarksville, Tennessee",1964,2020,57,1611,804,807,.499,-5.74,-3.33,1,8,5,7,0,0
24,25,Baker University Wildcats,baker-university,"Baldwin City, Kansas",1903,1908,6,90,62,28,.689,,,0,0,0,,,
25,26,Baldwin-Wallace Yellow Jackets,baldwin-wallace,"Berea, Ohio",1948,1953,6,139,82,57,.590,-4.45,1.84,0,0,0,0,0,0
26,27,Ball State Cardinals,ball-state,"Muncie, Indiana",1972,2020,49,1417,753,664,.531,-0.70,-0.59,1,10,7,7,0,0
27,28,Baltimore Super Bees,baltimore,"Baltimore, Maryland",1979,1983,5,133,46,87,.346,-13.76,-6.45,0,0,0,0,0,0
28,29,Baylor Bears,baylor,"Waco, Texas",1907,2020,114,2728,1354,1374,.496,1.62,2.47,6,5,0,12,2,0
29,30,Belmont Bruins,belmont,"Nashville, Tennessee",2000,2020,21,640,419,221,.655,1.71,-3.27,0,11,7,8,0,0
30,31,Beloit Buccaneers,beloit,"Beloit, Wisconsin",1911,1924,8,95,66,28,.702,,,0,0,0,,,
31,32,Bethune-Cookman Wildcats,bethune-cookman,"Daytona Beach, Florida",1981,2020,40,1159,419,740,.362,-16.97,-9.52,0,2,0,0,0,0
32,33,Binghamton Bearcats,binghamton,"Binghamton, New York",2002,2020,19,550,197,353,.358,-11.44,-5.45,0,1,1,1,0,0
33,34,Birmingham-Southern Panthers,birmingham-southern,"Birmingham, Alabama",1920,2006,5,105,65,40,.619,-5.44,-8.71,0,1,0,0,0,0
34,35,Bloomsburg Huskies,bloomsburg,"Bloomsburg, Pennsylvania",1896,1911,15,143,88,55,.615,,,0,0,0,,,
35,36,Boise State Broncos,boise-state,"Boise, Idaho",1972,2020,49,1417,785,632,.554,0.15,-0.36,0,6,5,7,0,0
36,37,Boston College Eagles,boston-college,"Chestnut Hill, Massachusetts",1946,2020,75,2087,1147,940,.550,3.17,3.01,8,6,2,18,0,0
37,38,Boston University Terriers,boston-university,"Boston, Massachusetts",1916,2020,94,2136,1095,1041,.513,-6.61,-5.27,0,8,6,7,0,0
38,39,Bowling Green State Falcons,bowling-green-state,"Bowling Green, Ohio",1916,2020,105,2576,1390,1186,.540,-0.29,0.19,2,9,0,4,0,0
39,40,Bradley Braves,bradley,"Peoria, Illinois",1903,2020,116,2875,1672,1203,.582,4.70,2.86,12,7,3,9,2,0
40,41,Brigham Young College,brigham-young-college,"Logan, Utah",1908,1908,1,11,10,1,.909,,,0,0,0,,,
41,42,Brigham Young Cougars,brigham-young,"Provo, Utah",1903,2020,118,2929,1832,1097,.625,7.60,3.59,10,25,3,29,0,0
42,43,Brooklyn Bulldogs,brooklyn,"Brooklyn, New York",1934,1992,25,567,233,334,.411,-19.21,-9.62,0,0,0,0,0,0
43,44,Brown Bears,brown,"Providence, Rhode Island",1901,2020,114,2578,1048,1530,.407,-11.08,-4.79,0,1,0,2,0,0
44,45,Bryant Bulldogs,bryant,"Smithfield, Rhode Island",2011,2020,10,285,101,184,.354,-11.44,-5.93,0,0,0,0,0,0
45,46,Bucknell Bison,bucknell,"Lewisburg, Pennsylvania",1896,2020,125,2683,1451,1232,.541,-8.16,-6.78,0,18,8,8,0,0
46,47,Buffalo Bulls,buffalo,"Buffalo, New York",1907,2020,51,1209,615,594,.509,-4.98,-2.29,1,5,4,4,0,0
47,48,Butler Bulldogs,butler,"Indianapolis, Indiana",1897,2020,122,2746,1601,1145,.583,1.92,2.98,7,13,7,16,2,0
48,49,Cal Poly Mustangs,cal-poly,"San Luis Obispo, California",1995,2020,26,739,297,442,.402,-6.92,-1.62,0,1,1,1,0,0
49,50,Cal State Bakersfield Roadrunners,cal-state-bakersfield,"Bakersfield, California",2011,2020,10,291,147,144,.505,-5.14,-2.31,0,1,1,1,0,0
50,51,Cal State Fullerton Titans,cal-state-fullerton,"Fullerton, California",1975,2020,46,1317,626,691,.475,-1.79,-0.07,0,2,3,3,0,0
51,52,Cal State Long Beach 49ers,long-beach-state,"Long Beach, California",1970,2020,51,1499,816,683,.544,1.21,1.43,5,14,5,9,0,0
52,53,Cal State Los Angeles Golden Eagles,cal-state-los-angeles,"Los Angeles, California",1971,1975,5,130,70,60,.538,-1.89,1.34,0,0,0,1,0,0
53,54,Cal State Northridge Matadors,cal-state-northridge,"Northridge, California",1991,2020,30,870,369,501,.424,-5.83,-1.66,0,3,2,2,0,0
54,55,California Baptist,california-baptist,"Riverside, California",2019,2020,2,35,18,17,.514,-3.73,-2.17,0,0,0,0,0,0
55,56,Campbell Fighting Camels,campbell,"Buies Creek, North Carolina",1978,2020,43,1217,506,711,.416,-12.28,-6.91,0,2,1,1,0,0
56,57,Canisius Golden Griffins,canisius,"Buffalo, New York",1904,2020,116,2577,1308,1269,.508,-3.90,-1.78,1,8,1,4,0,0
57,58,Carleton College Knights,carleton-college,"Northfield, Minnesota",1910,1934,25,360,280,80,.778,,,0,0,0,,,
58,59,Carnegie Mellon Tartans,carnegie-mellon,"Pittsburgh, Pennsylvania",1933,1939,7,87,40,47,.460,,,0,2,0,0,0,0
59,60,Case Western Reserve Spartans,case-western-reserve,"Cleveland, Ohio",1898,1955,13,245,95,150,.388,-18.31,-2.68,0,0,0,0,0,0
60,61,Catholic Cardinals,catholic,"Washington, D.C.",1913,1981,13,248,122,126,.492,-15.98,-6.69,0,0,0,1,0,0
61,62,Centenary (LA) Gents,centenary-la,"Shreveport, Louisiana",1960,2011,52,1435,637,798,.444,-8.73,-3.96,1,1,1,0,0,0
62,63,Central Arkansas Bears,central-arkansas,"Conway, Arkansas",2011,2020,10,279,84,195,.301,-14.51,-3.10,0,0,0,0,0,0
63,64,Central Connecticut State Blue Devils,central-connecticut-state,"New Britain, Connecticut",1987,2020,34,966,391,575,.405,-12.79,-7.32,0,3,3,3,0,0
64,65,Central Florida Knights,central-florida,"Orlando, Florida",1985,2020,36,1052,529,523,.503,-4.08,-2.62,0,1,4,5,0,0
65,66,Central Michigan Chippewas,central-michigan,"Mount Pleasant, Michigan",1974,2020,47,1330,592,738,.445,-3.70,-0.57,0,8,2,4,0,0
66,67,Central Missouri Mules,central-missouri,"Warrensburg, Missouri",1913,1937,10,178,140,38,.787,,,0,0,0,,,
67,68,Central Normal College,central-normal-college,"Danville, Indiana",1931,1931,1,19,19,0,1.000,,,0,0,0,,,
68,69,Central Pennsylvania College Knights,central-pennsylvania-college,"Summerdale, Pennsylvania",1896,1900,4,6,2,4,.333,,,0,0,0,,,
69,70,Centre (KY) Colonels,centre-ky,"Danville, Kentucky",1910,1919,3,45,41,4,.911,,,0,0,0,,,
70,71,Charleston Southern Buccaneers,charleston-southern,"Charleston, South Carolina",1975,2020,46,1296,537,759,.414,-13.47,-6.87,0,4,4,1,0,0
71,72,Charlotte 49ers,charlotte,"Charlotte, North Carolina",1973,2020,48,1403,769,634,.548,3.56,2.22,2,6,5,11,1,0
72,73,Chattanooga Mocs,chattanooga,"Chattanooga, Tennessee",1978,2020,43,1297,778,519,.600,-2.63,-3.61,1,19,11,11,0,0
73,74,Cheyenne Business College,cheyenne-business-college,"Cheyenne, Wyoming",1903,1903,1,1,1,0,1.000,,,0,0,0,,,
74,75,Chicago Maroons,chicago,"Chicago, Illinois",1896,1946,46,862,419,443,.486,,,0,6,0,0,0,0
75,76,Chicago State Cougars,chicago-state,"Chicago, Illinois",1985,2020,36,1029,272,757,.264,-15.71,-2.12,0,0,1,0,0,0
76,77,Cincinnati Bearcats,cincinnati,"Cincinnati, Ohio",1902,2020,119,2834,1817,1017,.641,11.73,4.94,25,24,12,33,6,2
77,78,Citadel Bulldogs,citadel,"Charleston, South Carolina",1913,2020,108,2367,998,1369,.422,-12.99,-5.42,0,0,0,0,0,0
78,79,City College of New York Beavers,city-college-of-new-york,"New York, New York",1906,1953,48,725,517,208,.713,-0.07,2.71,0,1,0,2,2,1
79,80,Clemson Tigers,clemson,"Clemson, South Carolina",1912,2020,109,2641,1335,1304,.506,5.38,3.95,6,1,1,12,0,0
80,81,Cleveland State Vikings,cleveland-state,"Cleveland, Ohio",1973,2020,48,1384,683,701,.493,-3.69,-1.31,0,4,2,2,0,0
81,82,Coastal Carolina Chanticleers,coastal-carolina,"Conway, South Carolina",1987,2020,34,996,507,489,.509,-7.57,-5.99,0,7,5,4,0,0
82,83,Colgate Raiders,colgate,"Hamilton, New York",1901,2020,120,2688,1283,1405,.477,-11.10,-5.56,0,4,3,3,0,0
83,84,College of Charleston Cougars,college-of-charleston,"Charleston, South Carolina",1992,2020,29,881,612,269,.695,1.08,-4.26,2,13,4,5,0,0
84,85,College of New Jersey Lions,college-of-new-jersey,"Ewing, New Jersey",1900,1900,1,5,3,2,.600,,,0,0,0,,,
85,86,Colorado Buffaloes,colorado,"Boulder, Colorado",1902,2020,117,2532,1320,1212,.521,5.24,5.97,5,19,1,14,2,0
86,87,Colorado College Tigers,colorado-college,"Colorado Springs, Colorado",1915,1937,23,376,233,143,.620,,,0,7,0,,,
87,88,Colorado School of Mines Orediggers,colorado-school-of-mines,"Golden, Colorado",1908,1937,28,282,80,202,.284,,,0,2,0,,,
88,89,Colorado State Rams,colorado-state,"Fort Collins, Colorado",1902,2020,116,2543,1269,1274,.499,2.69,2.40,0,6,1,10,0,0
89,90,Columbia Lions,columbia,"New York, New York",1901,2020,120,2623,1303,1320,.497,-7.57,-5.08,2,13,0,3,0,0
90,91,Concordia Seminary Preachers,concordia-seminary,"St. Louis, Missouri",1907,1923,2,16,14,2,.875,,,0,0,0,,,
91,92,Connecticut Huskies,connecticut,"Storrs, Connecticut",1901,2020,114,2617,1659,958,.634,6.28,0.83,16,27,8,32,5,4
92,93,Coppin State Eagles,coppin-state,"Baltimore, Maryland",1986,2020,35,1038,478,560,.461,-10.58,-7.84,0,10,4,4,0,0
93,94,Cornell Big Red,cornell,"Ithaca, New York",1899,2020,122,2708,1263,1445,.466,-7.80,-4.54,0,8,0,5,0,0
94,95,Cotner University,cotner-university,"Lincoln, Nebraska",1910,1911,2,27,24,3,.889,,,0,0,0,,,
95,96,Creighton Bluejays,creighton,"Omaha, Nebraska",1912,2020,100,2585,1564,1021,.605,3.60,3.20,4,15,12,21,0,0
96,97,Cumberland University Bulldogs,cumberland-university,"Lebanon, Tennessee",1904,1904,1,4,4,0,1.000,,,0,0,0,,,
97,98,Dakota Wesleyan Tigers,dakota-wesleyan,"Mitchell, South Dakota",1932,1932,1,20,19,1,.950,,,0,0,0,,,
98,99,Dartmouth Big Green,dartmouth,"Hanover, New Hampshire",1900,2020,120,2838,1312,1524,.463,-10.83,-5.16,0,12,0,7,2,0
99,100,Davidson Wildcats,davidson,"Davidson, North Carolina",1909,2020,111,2683,1463,1220,.545,-2.89,-2.93,6,24,13,14,0,0
100,101,Dayton Flyers,dayton,"Dayton, Ohio",1904,2020,115,2766,1648,1118,.596,6.86,3.01,7,5,2,18,1,0
101,102,Delaware Fightin' Blue Hens,delaware,"Newark, Delaware",1906,2020,79,1895,937,957,.495,-8.45,-5.99,0,4,5,5,0,0
102,103,Delaware State Hornets,delaware-state,"Dover, Delaware",1974,2020,47,1333,530,803,.398,-16.65,-10.02,0,3,1,1,0,0
103,104,Denison Big Red,denison,"Granville, Ohio",1905,1944,24,362,269,93,.743,,,0,0,0,0,0,0
104,105,Denver Pioneers,denver,"Denver, Colorado",1904,2020,97,2078,943,1135,.454,-3.67,-0.37,0,4,0,0,0,0
105,106,DePaul Blue Demons,depaul,"Chicago, Illinois",1924,2020,97,2496,1472,1024,.590,6.18,5.67,12,2,0,22,2,0
106,107,DePauw Tigers,depauw,"Greencastle, Indiana",1916,1932,17,276,182,94,.659,,,0,0,0,,,
107,108,Detroit Mercy Titans,detroit-mercy,"Detroit, Michigan",1910,2020,111,2652,1416,1236,.534,0.00,1.20,2,2,3,6,0,0
108,109,Dickinson College Red Devils,dickinson-college,"Carlisle, Pennsylvania",1926,1947,2,34,30,4,.882,,,0,0,0,0,0,0
109,110,Drake Bulldogs,drake,"Des Moines, Iowa",1907,2020,114,2728,1247,1481,.457,0.97,2.83,5,9,1,4,1,0
110,111,Drexel Dragons,drexel,"Philadelphia, Pennsylvania",1895,2020,50,1360,747,613,.549,-3.57,-4.56,0,7,4,4,0,0
111,112,Duke Blue Devils,duke,"Durham, North Carolina",1906,2020,115,3068,2181,887,.711,16.40,6.66,48,22,26,43,16,5
112,113,Duquesne Dukes,duquesne,"Pittsburgh, Pennsylvania",1914,2020,104,2530,1406,1124,.556,2.20,1.97,7,2,1,5,1,0
113,114,East Carolina Pirates,east-carolina,"Greenville, North Carolina",1967,2020,54,1517,665,852,.438,-4.85,-1.23,0,0,2,2,0,0
114,115,East Central Tigers,east-central,"Ada, Oklahoma",1929,1931,3,74,66,8,.892,,,0,0,0,,,
115,116,East Tennessee State Buccaneers,east-tennessee-state,"Johnson City, Tennessee",1959,2020,62,1746,950,796,.544,-4.08,-3.35,1,10,9,10,0,0
116,117,Eastern Illinois Panthers,eastern-illinois,"Charleston, Illinois",1982,2020,39,1119,514,605,.459,-7.02,-4.17,0,0,3,2,0,0
117,118,Eastern Kentucky Colonels,eastern-kentucky,"Richmond, Kentucky",1948,2020,70,1858,909,949,.489,-4.70,-2.50,0,7,5,8,0,0
118,119,Eastern Michigan Eagles,eastern-michigan,"Ypsilanti, Michigan",1933,2020,48,1392,663,729,.476,-2.59,-0.04,0,5,4,4,0,0
119,120,Eastern Washington Eagles,eastern-washington,"Cheney, Washington",1984,2020,37,1056,451,605,.427,-6.45,-2.23,0,3,2,2,0,0
120,121,Elon Phoenix,elon,"Elon, North Carolina",2000,2020,21,622,267,355,.429,-8.33,-2.96,0,2,0,0,0,0
121,122,Emporia State Hornets,emporia-state,"Emporia, Kansas",1934,1934,1,18,17,1,.944,,,0,0,0,,,
122,123,Evansville Purple Aces,evansville,"Evansville, Indiana",1925,2020,47,1309,710,599,.542,1.77,1.30,0,6,4,5,0,0
123,124,Fairfield Stags,fairfield,"Fairfield, Connecticut",1965,2020,56,1578,768,810,.487,-4.30,-2.85,0,3,3,3,0,0
124,125,Fairleigh Dickinson Knights,fairleigh-dickinson,"Teaneck, New Jersey",1968,2020,53,1468,707,761,.482,-10.01,-6.87,0,6,6,6,0,0
125,126,Florida A&M Rattlers,florida-am,"Tallahassee, Florida",1980,2020,41,1189,454,735,.382,-15.75,-8.71,0,0,4,3,0,0
126,127,Florida Atlantic Owls,florida-atlantic,"Boca Raton, Florida",1994,2020,27,777,282,495,.363,-9.59,-3.40,0,1,1,1,0,0
127,128,Florida Gators,florida,"Gainesville, Florida",1921,2020,99,2553,1435,1117,.562,7.75,4.82,15,9,4,22,5,2
128,129,Florida Gulf Coast Eagles,florida-gulf-coast,"Fort Myers, Florida",2011,2020,10,308,180,128,.584,-3.19,-3.93,0,3,3,3,0,0
129,130,Florida International Panthers,florida-international,"Miami, Florida",1988,2020,33,956,381,575,.399,-7.72,-3.19,0,1,1,1,0,0
130,131,Florida State Seminoles,florida-state,"Tallahassee, Florida",1957,2020,64,1865,1105,760,.592,7.49,4.82,10,2,2,17,1,0
131,132,Fordham Rams,fordham,"Bronx, New York",1903,2020,116,2907,1521,1386,.523,-2.75,-0.45,1,4,4,4,0,0
132,133,Franklin Grizzlies,franklin,"Franklin, Indiana",1907,1925,18,221,144,77,.652,,,0,0,0,,,
133,134,Fresno State Bulldogs,fresno-state,"Fresno, California",1956,2020,53,1574,888,686,.564,2.60,1.91,1,6,5,6,0,0
134,135,Furman Paladins,furman,"Greenville, South Carolina",1920,2020,99,2495,1246,1249,.499,-6.10,-4.22,0,6,6,6,0,0
135,136,Gardner-Webb Runnin' Bulldogs,gardner-webb,"Boiling Springs, North Carolina",2003,2020,18,541,250,291,.462,-7.97,-3.78,0,1,1,1,0,0
136,137,Geneva Golden Tornadoes,geneva,"Beaver Falls, Pennsylvania",1893,1943,10,125,80,45,.640,,,0,0,0,0,0,0
137,138,George Mason Patriots,george-mason,"Fairfax, Virginia",1979,2020,42,1242,669,573,.539,-1.21,-1.69,0,4,4,6,1,0
138,139,George Washington Colonials,george-washington,"Washington, D.C.",1913,2020,103,2504,1350,1154,.539,0.04,-0.35,3,7,5,11,0,0
139,140,Georgetown Hoyas,georgetown,"Washington, D.C.",1907,2020,112,2730,1676,1054,.614,6.76,3.79,20,11,7,30,5,1
140,141,Georgia Bulldogs,georgia,"Athens, Georgia",1906,2020,115,2740,1427,1313,.521,3.98,4.73,5,3,3,12,1,0
141,142,Georgia Southern Eagles,georgia-southern,"Statesboro, Georgia",1972,2020,49,1404,717,687,.511,-6.62,-4.94,0,7,3,3,0,0
142,143,Georgia State Panthers,georgia-state,"Atlanta, Georgia",1974,2020,47,1351,594,757,.440,-7.10,-3.51,0,7,5,5,0,0
143,144,Georgia Tech Yellow Jackets,georgia-tech,"Atlanta, Georgia",1920,2020,101,2598,1368,1230,.527,5.62,5.12,8,3,4,16,2,0
144,145,Gettysburg Bullets,gettysburg,"Gettysburg, Pennsylvania",1901,1973,41,724,385,339,.532,-15.98,-9.80,0,0,0,0,0,0
145,146,Gonzaga Bulldogs,gonzaga,"Spokane, Washington",1944,2020,69,2010,1310,700,.652,3.23,-0.46,12,24,17,22,1,0
146,147,Grambling Tigers,grambling,"Grambling, Louisiana",1978,2020,43,1200,447,753,.373,-17.35,-9.44,0,3,0,0,0,0
147,148,Grand Canyon Antelopes,grand-canyon,"Phoenix, Arizona",2014,2020,7,200,125,75,.625,-0.04,-2.64,0,0,0,0,0,0
148,149,Green Bay Phoenix,green-bay,"Green Bay, Wisconsin",1982,2020,39,1163,640,523,.550,-0.63,-0.86,0,4,4,5,0,0
149,150,Grinnell Pioneers,grinnell,"Grinnell, Iowa",1901,1939,38,550,280,270,.509,,,0,0,0,0,0,0
150,151,Grove City Wolverines,grove-city,"Grove City, Pennsylvania",1899,1925,27,383,257,126,.671,,,0,0,0,,,
151,152,Hamline Pipers,hamline,"St. Paul, Minnesota",1945,1948,4,102,82,20,.804,,,0,0,0,0,0,0
152,153,Hampton Pirates,hampton,"Hampton, Virginia",1996,2020,25,746,394,352,.528,-9.07,-8.71,0,4,6,6,0,0
153,154,Hardin-Simmons Cowboys,hardin-simmons,"Abilene, Texas",1923,1990,45,1149,481,668,.419,-11.08,-5.70,0,1,0,2,0,0
154,155,Hartford Hawks,hartford,"West Hartford, Connecticut",1985,2020,36,1044,440,604,.421,-9.03,-5.49,0,0,0,0,0,0
155,156,Harvard Crimson,harvard,"Boston, Massachusetts",1901,2020,109,2488,1156,1332,.465,-8.14,-4.83,0,7,0,5,0,0
156,157,Haskell Indian Nations Institute Fighting Indians,haskell-indian-nations-institute,"Lawrence, Kansas",1903,1908,2,39,27,12,.692,,,0,0,0,,,
157,158,Hawaii Rainbow Warriors,hawaii,"Honolulu, Hawaii",1971,2020,50,1444,761,683,.527,2.16,1.97,1,3,4,5,0,0
158,159,High Point Panthers,high-point,"High Point, North Carolina",2000,2020,21,612,295,317,.482,-9.46,-5.81,0,4,0,0,0,0
159,160,Hiram Terriers,hiram,"Hiram, Ohio",1894,1904,8,59,45,14,.763,,,0,0,0,,,
160,161,Hofstra Pride,hofstra,"Hempstead, New York",1943,2020,55,1568,804,764,.513,-6.04,-4.45,0,8,5,4,0,0
161,162,Holy Cross Crusaders,holy-cross,"Worcester, Massachusetts",1901,2020,100,2410,1412,998,.586,-2.06,-3.74,6,6,7,13,2,1
162,163,Hope Flying Dutchmen,hope,"Holland, Michigan",1908,1913,5,65,44,21,.677,,,0,0,0,,,
163,164,Houston Baptist Huskies,houston-baptist,"Houston, Texas",1974,2020,26,723,303,420,.419,-11.41,-5.66,0,2,1,1,0,0
164,165,Houston Cougars,houston,"Houston, Texas",1951,2020,70,2042,1226,816,.600,5.61,2.63,9,5,6,21,5,0
165,166,Howard Bison,howard,"Washington, D.C.",1974,2020,47,1323,516,807,.390,-15.51,-9.88,0,4,3,2,0,0
166,167,Idaho State Bengals,idaho-state,"Pocatello, Idaho",1959,2020,62,1691,747,944,.442,-6.40,-2.63,0,4,2,5,0,0
167,168,Idaho Vandals,idaho,"Moscow, Idaho",1906,2020,115,2852,1346,1504,.472,-4.17,-1.24,1,7,4,4,0,0
168,169,Illinois Fighting Illini,illinois,"Champaign, Illinois",1906,2020,115,2807,1792,1015,.638,12.79,7.63,26,17,2,30,5,0
169,170,Illinois State Redbirds,illinois-state,"Normal, Illinois",1899,2020,61,1545,931,614,.603,3.94,1.91,0,6,4,6,0,0
170,171,Illinois Wesleyan Titans,illinois-wesleyan,"Bloomington, Illinois",1928,1928,1,14,13,1,.929,,,0,0,0,,,
171,172,Illinois-Chicago Flames,illinois-chicago,"Chicago, Illinois",1982,2020,39,1160,556,604,.479,-3.00,-0.91,0,2,2,3,0,0
172,173,Incarnate Word Cardinals,incarnate-word,"San Antonio, Texas",2014,2020,7,177,82,95,.463,-13.41,-5.58,0,0,0,0,0,0
173,174,Indiana Hoosiers,indiana,"Bloomington, Indiana",1901,2020,120,2891,1838,1053,.636,13.97,7.84,28,22,0,39,8,5
174,175,Indiana State Sycamores,indiana-state,"Terre Haute, Indiana",1900,2020,98,2173,1116,1057,.514,-0.27,2.11,1,2,3,4,1,0
175,176,Iona Gaels,iona,"New Rochelle, New York",1954,2020,67,1822,1023,799,.561,-4.25,-3.58,1,11,11,14,0,0
176,177,Iowa Hawkeyes,iowa,"Iowa City, Iowa",1893,2020,123,2831,1656,1174,.585,11.04,7.16,18,8,2,26,3,0
177,178,Iowa State Cyclones,iowa-state,"Ames, Iowa",1908,2020,113,2701,1377,1324,.510,6.77,6.04,10,6,6,20,1,0
178,179,IUPUI Jaguars,iupui,"Indianapolis, Indiana",1999,2020,22,659,313,346,.475,-4.93,-2.11,0,1,1,1,0,0
179,180,Jackson State Tigers,jackson-state,"Jackson, Mississippi",1978,2020,43,1269,594,675,.468,-11.25,-8.47,0,7,4,3,0,0
180,181,Jacksonville Dolphins,jacksonville,"Jacksonville, Florida",1967,2020,54,1537,753,784,.490,-3.54,-1.91,2,2,2,5,1,0
181,182,Jacksonville State Gamecocks,jacksonville-state,"Jacksonville, Alabama",1996,2020,25,715,309,406,.432,-9.36,-5.72,0,0,1,1,0,0
182,183,James Madison Dukes,james-madison,"Harrisonburg, Virginia",1977,2020,44,1292,659,633,.510,-2.23,-1.97,0,7,3,5,0,0
183,184,John Carroll Blue Streaks,john-carroll,"University Heights, Ohio",1948,1955,8,191,80,111,.419,-9.26,-0.19,0,0,0,0,0,0
184,185,Kalamazoo Hornets,kalamazoo,"Kalamazoo, Michigan",1908,1923,16,193,134,59,.694,,,0,0,0,,,
185,186,Kansas Jayhawks,kansas,"Lawrence, Kansas",1899,2020,122,3137,2277,860,.726,15.82,7.14,44,61,15,48,15,3
186,187,Kansas State Wildcats,kansas-state,"Manhattan, Kansas",1906,2020,115,2815,1661,1154,.590,10.22,5.98,16,19,2,31,4,0
187,188,Kennesaw State Owls,kennesaw-state,"Kennesaw, Georgia",2010,2020,11,316,84,232,.266,-14.17,-3.16,0,0,0,0,0,0
188,189,Kent State Golden Flashes,kent-state,"Kent, Ohio",1914,2020,101,2408,1189,1219,.494,-2.12,-0.39,0,9,6,6,0,0
189,190,Kentucky Wesleyan Panthers,kentucky-wesleyan,"Owensboro, Kentucky",1957,1958,2,52,30,22,.577,-4.61,-2.27,0,0,0,0,0,0
190,191,Kentucky Wildcats,kentucky,"Lexington, Kentucky",1903,2020,117,3007,2298,708,.764,17.75,6.72,52,55,33,59,17,8
191,192,La Salle Explorers,la-salle,"Philadelphia, Pennsylvania",1932,2020,89,2368,1374,994,.580,2.58,0.51,6,9,8,12,2,1
192,193,Lafayette Leopards,lafayette,"Easton, Pennsylvania",1901,2020,110,2608,1336,1272,.512,-8.08,-6.88,0,17,3,4,0,0
193,194,Lake Forest Foresters,lake-forest,"Lake Forest, Illinois",1905,1916,12,144,89,55,.618,,,0,0,0,,,
194,195,Lamar Cardinals,lamar,"Beaumont, Texas",1970,2020,51,1459,749,710,.513,-4.46,-3.79,0,9,4,6,0,0
195,196,Latter Day Saints University,latter-day-saints-university,"Salt Lake City, Utah",1903,1903,1,16,15,1,.938,,,0,0,0,,,
196,197,Lawrence Vikings,lawrence,"Appleton, Wisconsin",1948,1948,1,28,22,6,.786,,,0,0,0,0,0,0
197,198,Lehigh Mountain Hawks,lehigh,"Bethlehem, Pennsylvania",1902,2020,119,2527,1110,1417,.439,-13.03,-7.48,0,4,5,5,0,0
198,199,Lewis Institute,lewis-university,"Chicago, Illinois",1905,1905,1,25,20,5,.800,,,0,0,0,,,
199,200,Liberty Flames,liberty,"Lynchburg, Virginia",1989,2020,32,960,458,502,.477,-9.67,-6.93,0,3,4,4,0,0
200,201,Lipscomb Bisons,lipscomb,"Nashville, Tennessee",2004,2020,17,504,267,237,.530,-4.96,-3.70,0,3,1,1,0,0
201,202,Little Rock Trojans,arkansas-little-rock,"Little Rock, Arkansas",1979,2020,42,1235,679,556,.550,-3.04,-3.32,0,12,5,5,0,0
202,203,Long Island University Blackbirds,long-island-university,"Brooklyn, New York",1929,2020,75,1991,1113,876,.560,-9.28,-6.36,1,9,6,7,0,0
203,204,Longwood Lancers,longwood,"Farmville, Virginia",2008,2020,13,390,130,260,.333,-15.14,-5.27,0,0,0,0,0,0
204,205,Louisiana Ragin' Cajuns,louisiana-lafayette,"Lafayette, Louisiana",1972,2020,49,1396,814,582,.583,0.52,-1.19,2,10,7,10,0,0
205,206,Louisiana State Fighting Tigers,louisiana-state,"Baton Rouge, Louisiana",1909,2020,112,2752,1565,1187,.569,5.64,4.40,13,12,1,22,4,0
206,207,Louisiana Tech Bulldogs,louisiana-tech,"Ruston, Louisiana",1974,2020,47,1384,798,586,.577,-0.23,-1.94,1,10,6,5,0,0
207,208,Louisiana-Monroe Warhawks,louisiana-monroe,"Monroe, Louisiana",1974,2020,47,1361,715,646,.525,-4.69,-4.32,0,10,8,7,0,0
208,209,Louisville Cardinals,louisville,"Louisville, Kentucky",1912,2020,106,2779,1850,929,.666,13.49,6.27,34,23,17,43,10,3
209,210,Loyola (IL) Ramblers,loyola-il,"Chicago, Illinois",1921,2020,99,2491,1326,1165,.532,-0.11,1.41,5,6,2,6,2,1
210,211,Loyola (LA) Wolfpack,loyola-la,"New Orleans, Louisiana",1952,1972,20,499,237,262,.475,-6.45,0.25,0,0,0,2,0,0
211,212,Loyola (MD) Greyhounds,loyola-md,"Baltimore, Maryland",1908,2020,76,1742,795,947,.456,-9.04,-4.66,0,0,2,2,0,0
212,213,Loyola Marymount Lions,loyola-marymount,"Los Angeles, California",1943,2020,73,1992,869,1123,.436,-4.12,0.37,2,3,2,5,0,0
213,214,Macalester Scots,macalester,"St. Paul, Minnesota",1896,1899,4,21,8,13,.381,,,0,0,0,,,
214,215,Maine Black Bears,maine,"Orono, Maine",1904,2020,76,1804,800,1004,.443,-12.04,-7.16,0,0,0,0,0,0
215,216,Manchester Spartans,manchester,"North Manchester, Indiana",1926,1926,1,16,15,1,.938,,,0,0,0,,,
216,217,Manhattan Jaspers,manhattan,"Riverdale, New York",1905,2020,114,2617,1367,1250,.522,-3.46,-2.53,0,13,5,8,0,0
217,218,Marietta Pioneers,marietta,"Marietta, Ohio",1908,1920,13,175,109,66,.623,,,0,0,0,,,
218,219,Marist Red Foxes,marist,"Poughkeepsie, New York",1982,2020,39,1128,496,632,.440,-7.62,-5.66,0,5,2,2,0,0
219,220,Marquette Golden Eagles,marquette,"Milwaukee, Wisconsin",1917,2020,103,2643,1635,1008,.619,8.99,4.64,22,3,1,33,3,1
220,221,Marshall Thundering Herd,marshall,"Huntington, West Virginia",1919,2020,96,2466,1409,1055,.572,-1.23,-1.41,1,6,4,6,0,0
221,222,Maryland Terrapins,maryland,"College Park, Maryland",1924,2020,97,2602,1567,1035,.602,10.07,5.10,23,6,4,28,2,1
222,223,Maryland-Baltimore County Retrievers,maryland-baltimore-county,"Baltimore, Maryland",1987,2020,34,980,392,588,.400,-11.43,-6.46,0,2,2,2,0,0
223,224,Maryland-Eastern Shore Hawks,maryland-eastern-shore,"Princess Anne, Maryland",1974,2020,41,1161,334,827,.288,-19.83,-9.09,0,1,1,0,0,0
224,225,Massachusetts Institute of Technology Engineers,massachusetts-institute-of-technology,"Cambridge, Massachusetts",1909,1909,1,16,10,6,.625,,,0,0,0,,,
225,226,Massachusetts Minutemen,massachusetts,"Amherst, Massachusetts",1926,2020,61,1737,950,787,.547,0.89,-0.37,5,15,5,9,1,0
226,227,Massachusetts-Lowell River Hawks,massachusetts-lowell,"Lowell, Massachusetts",1906,2020,8,203,89,114,.438,-9.78,-4.42,0,0,0,0,0,0
227,228,McNeese State Cowboys,mcneese-state,"Lake Charles, Louisiana",1974,2020,47,1332,634,698,.476,-7.30,-4.64,0,6,2,2,0,0
228,229,Memphis Tigers,memphis,"Memphis, Tennessee",1956,2020,65,1950,1302,648,.668,8.87,3.56,16,18,11,25,3,0
229,230,Mercer Bears,mercer,"Macon, Georgia",1974,2020,47,1359,649,710,.478,-7.99,-5.44,0,3,3,3,0,0
230,231,Merchant Marine Academy Mariners,merchant-marine-academy,"King's Point, New York",1946,1947,2,39,13,26,.333,,,0,0,0,0,0,0
231,232,Merrimack Warriors,merrimack,"North Andover, Massachusetts",2020,2020,1,6,3,3,.500,-6.91,0.43,0,0,0,0,0,0
232,233,Miami (FL) Hurricanes,miami-fl,"Coral Gables, Florida",1949,2020,57,1617,928,689,.574,3.18,3.19,7,2,1,10,0,0
233,234,Miami (OH) RedHawks,miami-oh,"Oxford, Ohio",1906,2020,115,2588,1391,1197,.537,2.10,0.78,1,18,4,17,0,0
234,235,Michigan State Spartans,michigan-state,"East Lansing, Michigan",1899,2020,121,2813,1720,1093,.611,11.73,7.52,24,15,6,33,10,2
235,236,Michigan Wolverines,michigan,"Ann Arbor, Michigan",1918,2020,103,2658,1619,1039,.609,10.78,7.63,22,14,3,29,8,1
236,237,Middle Tennessee Blue Raiders,middle-tennessee,"Murfreesboro, Tennessee",1959,2020,62,1743,971,772,.557,-3.86,-2.63,0,11,7,9,0,0
237,238,Millikin Big Blue,millikin,"Decatur, Illinois",1910,1921,12,210,150,60,.714,,,0,0,0,,,
238,239,Millsaps Majors,millsaps,"Jackson, Mississippi",1911,1921,11,116,59,57,.509,,,0,0,0,,,
239,240,Milwaukee Panthers,milwaukee,"Milwaukee, Wisconsin",1974,2020,37,1069,526,543,.492,-3.97,-1.70,0,4,4,4,0,0
240,241,Minnesota A&M Aggies,minnesota-am,"St. Paul, Minnesota",1896,1903,4,30,27,3,.900,,,0,0,0,,,
241,242,Minnesota Golden Gophers,minnesota,"Minneapolis, Minnesota",1896,2020,125,2872,1650,1220,.575,9.75,7.54,10,9,0,14,1,0
242,243,Mississippi Rebels,mississippi,"University, Mississippi",1909,2020,110,2634,1317,1315,.500,2.56,4.14,2,3,2,9,0,0
243,244,Mississippi State Bulldogs,mississippi-state,"Mississippi State, Mississippi",1909,2020,108,2628,1430,1198,.544,4.20,4.23,11,12,5,11,1,0
244,245,Mississippi Valley State Delta Devils,mississippi-valley-state,"Itta Bena, Mississippi",1980,2020,41,1184,475,709,.401,-14.56,-8.70,0,7,5,5,0,0
245,246,Missouri State Bears,missouri-state,"Springfield, Missouri",1983,2020,38,1169,690,479,.590,4.27,1.20,0,5,3,6,0,0
246,247,Missouri Tigers,missouri,"Columbia, Missouri",1907,2020,114,2811,1644,1167,.585,8.89,5.99,14,15,8,27,0,0
247,248,Missouri-Kansas City Kangaroos,missouri-kansas-city,"Kansas City, Missouri",1990,2020,31,896,377,519,.421,-7.20,-3.12,0,0,0,0,0,0
248,249,Monmouth Hawks,monmouth,"West Long Branch, New Jersey",1984,2020,37,1084,513,571,.473,-8.18,-5.94,0,4,4,4,0,0
249,250,Montana Grizzlies,montana,"Missoula, Montana",1912,2020,105,2640,1438,1202,.545,-2.21,-2.21,0,13,11,12,0,0
250,251,Montana State Bobcats,montana-state,"Bozeman, Montana",1902,2020,109,2624,1431,1193,.545,-5.02,-2.48,0,10,2,2,0,0
251,252,Morehead State Eagles,morehead-state,"Morehead, Kentucky",1956,2020,65,1777,887,890,.499,-5.66,-3.50,0,9,4,7,0,0
252,253,Morgan State Bears,morgan-state,"Baltimore, Maryland",1985,2020,36,1039,380,659,.366,-15.63,-9.03,0,3,2,2,0,0
253,254,Morris Brown Wolverines,morris-brown,"Atlanta, Georgia",2002,2003,2,57,13,44,.228,-25.82,-6.03,0,0,0,0,0,0
254,255,Mount St. Mary's Mountaineers,mount-st-marys,"Emmitsburg, Maryland",1989,2020,32,929,404,525,.435,-9.10,-6.01,0,2,5,5,0,0
255,256,Mount Union Purple Raiders,mount-union,"Alliance, Ohio",1896,1932,37,493,314,179,.637,,,0,0,0,,,
256,257,Muhlenburg Mules,muhlenburg,"Allentown, Pennsylvania",1901,1963,56,1064,579,484,.545,-10.33,-4.35,0,3,0,0,0,0
257,258,Murray State Racers,murray-state,"Murray, Kentucky",1954,2020,67,1891,1200,691,.635,-0.48,-3.10,2,27,16,17,0,0
258,259,Muskingum Fighting Muskies,muskingum,"New Concord, Ohio",1905,1927,3,48,44,4,.917,,,0,0,0,,,
259,260,Navy Midshipmen,navy,"Annapolis, Maryland",1908,2020,113,2464,1397,1067,.567,-4.90,-3.92,1,8,6,11,0,0
260,261,Nebraska Cornhuskers,nebraska,"Lincoln, Nebraska",1897,2020,124,2883,1516,1367,.526,5.60,5.96,2,7,1,7,0,0
261,262,Nebraska Wesleyan Prairie Wolves,nebraska-wesleyan,"Lincoln, Nebraska",1906,1917,12,188,134,54,.713,,,0,0,0,,,
262,263,Nevada Wolf Pack,nevada,"Reno, Nevada",1913,2020,65,1701,956,745,.562,0.38,1.36,4,12,5,9,0,0
263,264,Nevada-Las Vegas Rebels,nevada-las-vegas,"Las Vegas, Nevada",1970,2020,51,1583,1102,481,.696,9.27,3.14,16,13,11,20,4,1
264,265,New Hampshire Wildcats,new-hampshire,"Durham, New Hampshire",1927,2020,68,1725,592,1133,.343,-14.69,-7.03,0,1,0,0,0,0
265,266,New Mexico Lobos,new-mexico,"Albuquerque, New Mexico",1900,2020,114,2590,1502,1088,.580,3.98,2.07,11,12,6,15,0,0
266,267,New Mexico State Aggies,new-mexico-state,"Las Cruces, New Mexico",1905,2020,110,2619,1541,1076,.589,1.21,-0.17,5,19,12,25,1,0
267,268,New Orleans Privateers,new-orleans,"New Orleans, Louisiana",1976,2020,43,1239,679,560,.548,-2.09,-1.81,2,8,4,5,0,0
268,269,New York University Violets,new-york-university,"New York, New York",1907,1971,65,1184,725,459,.612,-0.44,-0.12,2,6,0,6,2,0
269,270,Newberry Wolves,newberry,"Newberry, South Carolina",1921,1921,1,4,2,2,.500,,,0,0,0,,,
270,271,Niagara Purple Eagles,niagara,"Niagara University, New York",1906,2020,114,2720,1471,1248,.541,-3.14,-1.80,2,10,2,3,0,0
271,272,Nicholls State Colonels,nicholls-state,"Thibodaux, Louisiana",1981,2020,40,1112,449,663,.404,-11.78,-5.56,0,3,2,2,0,0
272,273,NJIT Highlanders,njit,"Newark, New Jersey",2010,2020,11,320,159,161,.497,-9.58,-6.72,0,1,0,0,0,0
273,274,Norfolk State Spartans,norfolk-state,"Norfolk, Virginia",1998,2020,23,689,329,360,.478,-11.16,-7.95,0,2,1,1,0,0
274,275,North Alabama Lions,north-alabama,"Florence, Alabama",2019,2020,2,37,12,25,.324,-8.66,1.88,0,0,0,0,0,0
275,276,North Carolina A&T Aggies,north-carolina-at,"Greensboro, North Carolina",1974,2020,47,1358,657,701,.484,-12.70,-9.46,0,11,14,10,0,0
276,277,North Carolina Central Eagles,north-carolina-central,"Durham, North Carolina",2011,2020,10,301,184,117,.611,-7.30,-8.66,0,3,4,4,0,0
277,278,North Carolina State Wolfpack,north-carolina-state,"Raleigh, North Carolina",1913,2020,108,2810,1741,1069,.620,11.00,5.76,17,13,17,27,3,2
278,279,North Carolina Tar Heels,north-carolina,"Chapel Hill, North Carolina",1911,2020,110,3064,2265,799,.739,15.77,6.71,51,39,26,50,20,6
279,280,North Carolina-Asheville Bulldogs,north-carolina-asheville,"Asheville, North Carolina",1987,2020,34,993,476,517,.479,-9.49,-5.15,0,7,5,4,0,0
280,281,North Carolina-Greensboro Spartans,north-carolina-greensboro,"Greensboro, North Carolina",1992,2020,29,861,405,456,.470,-5.88,-3.99,0,6,3,3,0,0
281,282,North Carolina-Wilmington Seahawks,north-carolina-wilmington,"Wilmington, North Carolina",1977,2020,44,1283,665,618,.518,-2.84,-2.25,0,8,6,6,0,0
282,283,North Central Cardinals,north-central,"Naperville, Illinois",1911,1922,8,115,78,37,.678,,,0,0,0,,,
283,284,North Dakota Fighting Hawks,north-dakota,"Grand Forks, North Dakota",1905,2020,27,488,291,197,.596,-8.54,-3.94,0,1,3,1,0,0
284,285,North Dakota State Bison,north-dakota-state,"Fargo, North Dakota",1898,2020,41,743,513,230,.690,-0.93,-3.45,0,3,4,4,0,0
285,286,North Florida Ospreys,north-florida,"Jacksonville, Florida",2010,2020,11,336,167,169,.497,-6.01,-2.14,0,2,1,1,0,0
286,287,North Texas Mean Green,north-texas,"Denton, Texas",1922,2020,65,1767,783,984,.443,-4.84,-0.19,0,3,3,3,0,0
287,288,Northeastern Huskies,northeastern,"Boston, Massachusetts",1938,2020,57,1543,810,733,.525,-4.25,-4.13,0,13,9,9,0,0
288,289,Northeastern Illinois Golden Eagles,northeastern-illinois,"Chicago, Illinois",1991,1998,8,216,78,138,.361,-14.90,-6.67,0,0,0,0,0,0
289,290,Northern Arizona Lumberjacks,northern-arizona,"Flagstaff, Arizona",1919,2020,81,1909,865,1044,.453,-8.10,-2.45,0,6,2,2,0,0
290,291,Northern Colorado Bears,northern-colorado,"Greeley, Colorado",1911,2020,41,739,393,346,.532,-4.40,-3.86,0,3,1,1,0,0
291,292,Northern Illinois Huskies,northern-illinois,"De Kalb, Illinois",1927,2020,54,1492,673,819,.451,-3.78,-1.12,0,3,2,3,0,0
292,293,Northern Iowa Panthers,northern-iowa,"Cedar Falls, Iowa",1981,2020,40,1190,627,563,.527,1.11,1.44,1,2,6,8,0,0
293,294,Northern Kentucky Norse,northern-kentucky,"Highland Heights, Kentucky",2013,2020,8,224,118,106,.527,-1.53,-1.80,0,2,2,2,0,0
294,295,Northwest Missouri State Bearcats,northwest-missouri-state,"Maryville, Missouri",1930,1932,3,97,89,8,.918,,,0,0,0,,,
295,296,Northwestern State Demons,northwestern-state,"Natchitoches, Louisiana",1977,2020,44,1248,551,697,.442,-10.06,-5.54,0,3,3,3,0,0
296,297,Northwestern Wildcats,northwestern,"Evanston, Illinois",1905,2020,115,2611,1089,1521,.417,3.28,7.29,0,2,0,1,0,0
297,298,Notre Dame Fighting Irish,notre-dame,"Notre Dame, Indiana",1897,2020,116,2918,1887,1030,.647,9.91,5.47,25,1,1,36,1,0
298,299,Oakland Golden Grizzlies,oakland,"Rochester, Michigan",2000,2020,21,653,358,295,.548,-0.81,-1.16,0,4,3,3,0,0
299,300,Oberlin Yeomen,oberlin,"Oberlin, Ohio",1905,1921,7,82,61,21,.744,,,0,0,0,,,
300,301,Ohio Bobcats,ohio,"Athens, Ohio",1908,2020,113,2690,1533,1157,.570,0.46,-0.08,0,10,6,13,0,0
301,302,Ohio State Buckeyes,ohio-state,"Columbus, Ohio",1899,2020,121,2890,1772,1118,.613,11.86,7.31,22,22,5,33,11,1
302,303,Ohio Wesleyan Battling Bishops,ohio-wesleyan,"Delaware, Ohio",1929,1935,2,40,35,5,.875,,,0,0,0,,,
303,304,Oklahoma City Chiefs,oklahoma-city,"Oklahoma City, Oklahoma",1951,1985,35,948,530,418,.559,0.45,-0.93,3,0,1,11,0,0
304,305,Oklahoma Sooners,oklahoma,"Norman, Oklahoma",1908,2020,113,2773,1690,1083,.609,9.58,6.30,19,14,7,32,5,0
305,306,Oklahoma State Cowboys,oklahoma-state,"Stillwater, Oklahoma",1908,2020,111,2841,1664,1177,.586,8.66,5.58,18,19,4,28,6,2
306,307,Old Dominion Monarchs,old-dominion,"Norfolk, Virginia",1977,2020,44,1354,831,523,.614,3.43,-0.03,0,9,7,12,0,0
307,308,Omaha Mavericks,nebraska-omaha,"Omaha, Nebraska",2013,2020,8,225,109,116,.484,-4.91,-1.96,0,0,0,0,0,0
308,309,Oral Roberts Golden Eagles,oral-roberts,"Tulsa, Oklahoma",1972,2020,45,1319,738,581,.560,0.31,-1.04,2,7,5,5,0,0
309,310,Oregon Ducks,oregon,"Eugene, Oregon",1903,2020,115,3035,1671,1364,.551,6.21,5.82,5,6,5,16,2,1
310,311,Oregon State Beavers,oregon-state,"Corvallis, Oregon",1902,2020,119,3105,1764,1341,.568,6.11,5.42,8,12,0,17,2,0
311,312,Pacific Tigers,pacific,"Stockton, California",1938,2020,70,1956,989,967,.506,-1.19,-0.17,1,10,5,9,0,0
312,313,Penn State Nittany Lions,penn-state,"University Park, Pennsylvania",1897,2020,124,2668,1480,1187,.555,2.50,1.87,2,1,1,9,1,0
313,314,Pennsylvania Quakers,pennsylvania,"Philadelphia, Pennsylvania",1897,2020,119,2899,1787,1111,.617,0.05,-3.05,6,38,1,24,1,0
314,315,Pepperdine Waves,pepperdine,"Malibu, California",1944,2020,66,1871,931,940,.498,-2.36,0.03,1,12,3,13,0,0
315,316,Phillips Haymakers,phillips,"Enid, Oklahoma",1920,1920,1,3,2,1,.667,,,0,0,0,,,
316,317,Pittsburg State Gorillas,pittsburg-state,"Pittsburg, Kansas",1927,1931,5,103,86,17,.835,,,0,0,0,,,
317,318,Pittsburgh Panthers,pittsburgh,"Pittsburgh, Pennsylvania",1906,2020,113,2792,1619,1173,.580,5.12,3.98,13,11,4,26,1,0
318,319,Portland Pilots,portland,"Portland, Oregon",1954,2020,67,1870,790,1080,.422,-5.09,0.66,0,0,1,2,0,0
319,320,Portland State Vikings,portland-state,"Portland, Oregon",1973,2020,31,872,425,447,.487,-5.78,-2.52,0,2,2,2,0,0
320,321,Prairie View Panthers,prairie-view,"Prairie View, Texas",1981,2020,40,1139,330,809,.290,-20.72,-7.83,0,2,2,2,0,0
321,322,Pratt Institute Cannoneers,pratt-institute,"Brooklyn, New York",1934,1934,1,14,8,6,.571,,,0,0,0,,,
322,323,Presbyterian Blue Hose,presbyterian,"Clinton, South Carolina",2011,2020,10,289,99,190,.343,-14.13,-4.78,0,0,0,0,0,0
323,324,Princeton Tigers,princeton,"Princeton, New Jersey",1901,2020,120,2842,1747,1094,.615,1.31,-3.39,4,30,1,25,1,0
324,325,Providence Friars,providence,"Providence, Rhode Island",1929,2020,71,2026,1239,787,.612,7.52,4.03,6,0,2,20,2,0
325,326,Purdue Boilermakers,purdue,"West Lafayette, Indiana",1897,2020,122,2845,1823,1022,.641,11.69,7.40,22,24,1,31,2,0
326,327,Purdue-Fort Wayne Mastodons,ipfw,"Fort Wayne, Indiana",2003,2020,18,535,251,284,.469,-6.09,-2.66,0,1,0,0,0,0
327,328,Quinnipiac Bobcats,quinnipiac,"Hamden, Connecticut",1999,2020,22,632,299,333,.473,-8.92,-6.77,0,1,0,0,0,0
328,329,Radford Highlanders,radford,"Radford, Virginia",1985,2020,36,1055,547,508,.518,-8.79,-6.81,0,5,3,3,0,0
329,330,Regis (CO) Rangers,regis-co,"Denver, Colorado",1962,1964,3,66,37,29,.561,-4.77,0.04,0,0,0,0,0,0
330,331,Rensselaer Engineers,rensselaer,"Troy, New York",1901,1924,4,39,28,11,.718,,,0,0,0,,,
331,332,Rhode Island Rams,rhode-island,"Kingston, Rhode Island",1904,2020,114,2654,1517,1137,.572,-1.13,-0.65,0,15,2,10,0,0
332,333,Rice Owls,rice,"Houston, Texas",1915,2020,106,2560,1117,1443,.436,-3.26,0.83,0,10,0,4,0,0
333,334,Richmond Spiders,richmond,"Richmond, Virginia",1913,2020,108,2587,1376,1211,.532,-2.32,-1.66,1,6,6,9,0,0
334,335,Rider Broncs,rider,"Lawrenceville, New Jersey",1929,2020,57,1593,839,754,.527,-7.33,-5.91,0,12,3,3,0,0
335,336,Ripon Red Hawks,ripon,"Ripon, Wisconsin",1902,1922,5,59,46,13,.780,,,0,0,0,,,
336,337,Roanoke Maroons,roanoke,"Salem, Virginia",1912,1919,8,92,67,25,.728,,,0,0,0,,,
337,338,Robert Morris Colonials,robert-morris,"Moon Township, Pennsylvania",1977,2020,44,1290,630,660,.488,-9.08,-6.86,0,11,8,8,0,0
338,339,Rochester (NY) Yellowjackets,rochester-ny,"Rochester, New York",1910,1944,7,111,74,37,.667,,,0,0,0,0,0,0
339,340,Rose-Hulman Fightin' Engineers,rose-hulman,"Terre Haute, Indiana",1898,1898,1,4,2,2,.500,,,0,0,0,,,
340,341,Rutgers Scarlet Knights,rutgers,"New Brunswick, New Jersey",1914,2020,106,2457,1244,1213,.506,-1.07,0.39,2,9,2,6,1,0
341,342,Sacramento State Hornets,sacramento-state,"Sacramento, California",1992,2020,29,803,246,557,.306,-12.22,-3.35,0,0,0,0,0,0
342,343,Sacred Heart Pioneers,sacred-heart,"Fairfield, Connecticut",2000,2020,21,601,225,376,.374,-11.61,-6.93,0,0,0,0,0,0
343,344,Saint Francis (PA) Red Flash,saint-francis-pa,"Loretto, Pennsylvania",1956,2020,65,1748,780,968,.446,-9.20,-4.40,0,2,1,1,0,0
344,345,Saint Joseph's Hawks,saint-josephs,"Philadelphia, Pennsylvania",1910,2020,111,2779,1648,1131,.593,3.94,1.83,6,20,6,21,1,0
345,346,Saint Louis Billikens,saint-louis,"St. Louis, Missouri",1916,2020,104,2659,1435,1224,.540,4.94,3.84,10,7,3,10,0,0
346,347,Saint Mary's (CA) Gaels,saint-marys-ca,"Moraga, California",1910,2020,111,2585,1345,1240,.520,-0.98,0.26,4,7,4,10,0,0
347,348,Saint Peter's Peacocks,saint-peters,"Jersey City, New Jersey",1966,2020,55,1548,762,786,.492,-5.39,-3.99,0,6,3,3,0,0
348,349,Sam Houston State Bearkats,sam-houston-state,"Huntsville, Texas",1987,2020,34,987,515,472,.522,-6.85,-4.94,0,6,2,2,0,0
349,350,Samford Bulldogs,samford,"Birmingham, Alabama",1973,2020,48,1365,596,769,.437,-8.97,-5.28,0,3,2,2,0,0
350,351,San Diego State Aztecs,san-diego-state,"San Diego, California",1971,2020,50,1481,801,680,.541,3.72,3.32,3,8,7,12,0,0
351,352,San Diego Toreros,san-diego,"San Diego, California",1980,2020,41,1187,593,594,.500,-0.15,0.64,0,2,2,4,0,0
352,353,San Francisco Dons,san-francisco,"San Francisco, California",1924,2020,93,2402,1391,1011,.579,2.42,0.53,9,15,1,16,3,2
353,354,San Jose State Spartans,san-jose-state,"San Jose, California",1938,2020,70,1894,757,1137,.400,-4.18,0.82,0,1,2,2,0,0
354,355,Santa Clara Broncos,santa-clara,"Santa Clara, California",1909,2020,111,2606,1493,1113,.573,1.38,0.59,2,11,2,11,1,0
355,356,Savage School of Physical Education,savage-school-of-physical-education,"New York, New York",1896,1898,2,8,6,2,.750,,,0,0,0,,,
356,357,Savannah State Tigers,savannah-state,"Savannah, Georgia",2003,2019,17,513,189,324,.368,-16.73,-5.37,0,2,0,0,0,0
357,358,Scranton Royals,scranton,"Scranton, Pennsylvania",1948,1948,1,27,7,20,.259,,,0,0,0,0,0,0
358,359,Seattle Redhawks,seattle,"Seattle, Washington",1953,2020,38,1042,614,428,.589,0.75,-1.06,5,0,0,11,1,0
359,360,Seton Hall Pirates,seton-hall,"South Orange, New Jersey",1909,2020,107,2603,1517,1085,.583,3.66,3.47,7,3,3,13,1,0
360,361,Sewanee Tigers,sewanee,"Sewanee, Tennessee",1923,1941,19,248,48,200,.194,,,0,0,0,0,0,0
361,362,Siena Saints,siena,"Loudonville, New York",1939,2020,62,1687,920,767,.545,-4.03,-3.30,1,9,6,6,0,0
362,363,South Alabama Jaguars,south-alabama,"Mobile, Alabama",1972,2020,49,1411,790,621,.560,-0.99,-1.64,0,12,5,8,0,0
363,364,South Carolina Gamecocks,south-carolina,"Columbia, South Carolina",1909,2020,112,2686,1429,1256,.532,4.23,3.26,8,7,2,9,1,0
364,365,South Carolina State Bulldogs,south-carolina-state,"Orangeburg, South Carolina",1972,2020,49,1423,689,734,.484,-13.18,-9.98,0,8,5,5,0,0
365,366,South Carolina Upstate Spartans,south-carolina-upstate,"Spartanburg, South Carolina",2011,2020,10,302,126,176,.417,-9.23,-3.37,0,0,0,0,0,0
366,367,South Dakota Coyotes,south-dakota,"Vermillion, South Dakota",2011,2020,10,290,147,143,.507,-3.80,-3.37,0,1,0,0,0,0
367,368,South Dakota State Jackrabbits,south-dakota-state,"Brookings, South Dakota",2009,2020,12,375,241,134,.643,1.45,-2.23,0,5,5,5,0,0
368,369,South Florida Bulls,south-florida,"Tampa, Florida",1974,2020,47,1367,625,742,.457,1.05,2.76,0,1,1,3,0,0
369,370,Southeast Missouri State Redhawks,southeast-missouri-state,"Cape Girardeau, Missouri",1992,2020,29,831,348,483,.419,-8.78,-4.78,0,1,1,1,0,0
370,371,Southeastern Louisiana Lions,southeastern-louisiana,"Hammond, Louisiana",1981,2020,39,1104,484,620,.438,-10.98,-6.32,0,5,1,1,0,0
371,372,Southern California Trojans,southern-california,"Los Angeles, California",1907,2020,114,2837,1624,1213,.572,7.93,6.10,9,7,1,18,2,0
372,373,Southern Illinois Salukis,southern-illinois,"Carbondale, Illinois",1968,2020,53,1555,864,691,.556,2.67,2.15,1,9,5,10,0,0
373,374,Southern Illinois-Edwardsville Cougars,southern-illinois-edwardsville,"Edwardsville, Illinois",2011,2020,10,266,83,183,.312,-13.08,-4.09,0,0,0,0,0,0
374,375,Southern Jaguars,southern,"Baton Rouge, Louisiana",1978,2020,43,1251,651,600,.520,-10.35,-9.73,0,8,9,9,0,0
375,376,Southern Methodist Mustangs,southern-methodist,"Dallas, Texas",1917,2020,104,2575,1350,1225,.524,2.49,1.71,5,15,3,12,1,0
376,377,Southern Mississippi Golden Eagles,southern-mississippi,"Hattiesburg, Mississippi",1967,2020,49,1416,741,675,.523,0.49,1.72,1,2,0,3,0,0
377,378,Southern Utah Thunderbirds,southern-utah,"Cedar City, Utah",1989,2020,32,909,383,526,.421,-7.51,-3.44,0,2,3,1,0,0
378,379,Southwestern (KS) Moundbuilders,southwestern-ks,"Winfield, Kansas",1905,1923,19,289,212,77,.734,,,0,0,0,,,
379,380,Southwestern (TX) Pirates,southwestern-tx,"Georgetown, Texas",1915,1916,2,10,1,9,.100,,,0,0,0,,,
380,381,Springfield Pride,springfield,"Springfield, Massachusetts",1897,1935,30,406,268,138,.660,,,0,0,0,,,
381,382,St. Bonaventure Bonnies,st-bonaventure,"St. Bonaventure, New York",1920,2020,100,2404,1363,1041,.567,1.98,1.55,6,7,1,7,1,0
382,383,St. Francis (NY) Terriers,st-francis-ny,"Brooklyn Heights, New York",1902,2020,101,2514,1229,1285,.489,-11.62,-5.52,0,6,0,0,0,0
383,384,St. John's (NY) Red Storm,st-johns-ny,"Queens, New York",1908,2020,113,2935,1904,1031,.649,8.45,4.83,15,14,3,30,2,0
384,385,St. John's College (OH),st-johns-college-oh,"Toledo, Ohio",1921,1921,1,15,15,0,1.000,,,0,0,0,,,
385,386,St. Lawrence Saints,st-lawrence,"Canton, New York",1902,1914,7,99,70,29,.707,,,0,0,0,,,
386,387,Stanford Cardinal,stanford,"Stanford, California",1914,2020,105,2698,1535,1163,.569,8.00,6.00,10,11,1,17,2,1
387,388,Stephen F. Austin Lumberjacks,stephen-f-austin,"Nacogdoches, Texas",1987,2020,34,977,553,424,.566,-5.77,-6.73,0,8,5,5,0,0
388,389,Stetson Hatters,stetson,"DeLand, Florida",1972,2020,49,1377,623,754,.452,-8.46,-4.39,0,0,0,0,0,0
389,390,Stevens Institute Ducks,stevens-institute,"Hoboken, New Jersey",1917,1920,4,48,37,11,.771,,,0,0,0,,,
390,391,Stony Brook Seawolves,stony-brook,"Stony Brook, New York",2000,2020,21,623,315,308,.506,-6.36,-5.38,0,4,1,1,0,0
391,392,SUNY-Potsdam Bears,suny-potsdam,"Potsdam, New York",1910,1913,2,32,22,10,.688,,,0,0,0,,,
392,393,Swarthmore Garnet,swarthmore,"Swarthmore, Pennsylvania",1906,1919,11,133,92,41,.692,,,0,0,0,,,
393,394,Syracuse Orange,syracuse,"Syracuse, New York",1899,2020,120,2921,2011,909,.689,9.60,3.77,30,10,5,40,6,1
394,395,Temple Owls,temple,"Philadelphia, Pennsylvania",1895,2020,124,3008,1929,1079,.641,6.31,2.35,9,20,10,33,2,0
395,396,Tennessee State Tigers,tennessee-state,"Nashville, Tennessee",1978,2020,43,1209,514,695,.425,-8.37,-4.62,0,2,2,2,0,0
396,397,Tennessee Tech Golden Eagles,tennessee-tech,"Cookeville, Tennessee",1944,2020,66,1780,878,902,.493,-6.49,-3.46,0,7,1,2,0,0
397,398,Tennessee Volunteers,tennessee,"Knoxville, Tennessee",1909,2020,111,2713,1660,1051,.612,8.58,5.09,13,13,4,22,0,0
398,399,Tennessee-Martin Skyhawks,tennessee-martin,"Martin, Tennessee",1993,2020,28,805,307,498,.381,-11.13,-3.88,0,1,0,0,0,0
399,400,Texas A&M Aggies,texas-am,"College Station, Texas",1913,2020,108,2703,1427,1276,.528,2.28,2.33,4,12,2,14,0,0
400,401,Texas A&M-Corpus Christi Islanders,texas-am-corpus-christi,"Corpus Christi, Texas",2003,2020,18,531,274,257,.516,-6.41,-4.67,0,1,1,1,0,0
401,402,Texas Christian Horned Frogs,texas-christian,"Fort Worth, Texas",1914,2020,107,2628,1227,1401,.467,0.25,1.79,3,11,0,8,0,0
402,403,Texas Longhorns,texas,"Austin, Texas",1906,2020,114,2880,1793,1087,.623,6.23,3.53,11,25,2,34,3,0
403,404,Texas Southern Tigers,texas-southern,"Houston, Texas",1978,2020,43,1257,623,634,.496,-10.34,-7.79,0,12,8,8,0,0
404,405,Texas State Bobcats,texas-state,"San Marcos, Texas",1985,2020,36,1035,469,566,.453,-8.21,-5.51,0,3,2,2,0,0
405,406,Texas Tech Red Raiders,texas-tech,"Lubbock, Texas",1926,2020,92,2454,1378,1076,.562,4.39,2.38,6,13,5,17,1,0
406,407,Texas Wesleyan Rams,texas-wesleyan,"Fort Worth, Texas",1948,1948,1,30,19,11,.633,,,0,0,0,0,0,0
407,408,Texas-Arlington Mavericks,texas-arlington,"Arlington, Texas",1969,2020,52,1470,678,792,.461,-7.84,-4.27,0,3,1,1,0,0
408,409,Texas-El Paso Miners,texas-el-paso,"El Paso, Texas",1923,2020,92,2342,1339,1003,.572,2.90,0.73,4,11,5,17,1,1
409,410,Texas-Rio Grande Valley Vaqueros,texas-pan-american,"Edinburg, Texas",1969,2020,52,1445,620,825,.429,-8.53,-3.21,0,0,0,0,0,0
410,411,Texas-San Antonio Roadrunners,texas-san-antonio,"San Antonio, Texas",1982,2020,39,1127,563,564,.500,-6.06,-4.30,0,3,4,4,0,0
411,412,Toledo Rockets,toledo,"Toledo, Ohio",1916,2020,105,2541,1457,1084,.573,0.85,-0.45,2,10,1,4,0,0
412,413,Towson Tigers,towson,"Towson, Maryland",1980,2020,41,1193,498,695,.417,-7.93,-4.23,0,4,3,2,0,0
413,414,Trinity (CT) Bantams,trinity-ct,"Hartford, Connecticut",1897,1911,8,81,28,53,.346,,,0,0,0,,,
414,415,Trinity (TX) Tigers,trinity-tx,"San Antonio, Texas",1971,1973,3,70,25,45,.357,-24.37,-5.64,0,0,0,0,0,0
415,416,Troy Trojans,troy,"Troy, Alabama",1994,2020,27,783,372,411,.475,-7.67,-4.96,0,6,2,2,0,0
416,417,Tulane Green Wave,tulane,"New Orleans, Louisiana",1906,2020,110,2522,1222,1300,.485,-1.16,1.00,1,6,0,3,0,0
417,418,Tulsa Golden Hurricane,tulsa,"Tulsa, Oklahoma",1914,2020,107,2613,1454,1159,.556,4.88,3.02,5,10,6,16,0,0
418,419,U.S. International Gulls,alliant-international,"San Diego, California",1982,1991,10,279,69,210,.247,-18.06,-5.34,0,0,0,0,0,0
419,420,UC-Davis Aggies,california-davis,"Davis, California",2008,2020,13,386,168,218,.435,-7.28,-2.82,0,2,1,1,0,0
420,421,UC-Irvine Anteaters,california-irvine,"Irvine, California",1978,2020,43,1275,629,646,.493,-1.35,0.47,0,6,2,2,0,0
421,422,UC-Riverside Highlanders,california-riverside,"Riverside, California",2002,2020,19,540,184,356,.341,-8.43,-2.07,0,0,0,0,0,0
422,423,UC-Santa Barbara Gauchos,california-santa-barbara,"Santa Barbara, California",1964,2020,57,1592,841,751,.528,-0.38,0.06,0,4,3,5,0,0
423,424,UCLA Bruins,ucla,"Los Angeles, California",1920,2020,101,2751,1894,857,.688,15.44,6.78,41,31,4,49,18,11
424,425,Union (NY) Dutchmen,union-ny,"Schenectady, New York",1907,1925,19,266,162,104,.609,,,0,0,0,,,
425,426,University of California Golden Bears,california,"Berkeley, California",1908,2020,111,2808,1625,1183,.579,7.13,6.00,5,14,0,19,3,1
426,427,Utah State Aggies,utah-state,"Logan, Utah",1904,2020,115,2728,1609,1119,.590,4.03,0.77,5,16,9,21,0,0
427,428,Utah Utes,utah,"Salt Lake City, Utah",1909,2020,112,2827,1822,1005,.644,8.30,3.52,21,30,5,29,4,1
428,429,Utah Valley Wolverines,utah-valley,"Orem, Utah",2010,2020,11,326,176,150,.540,-5.45,-4.22,0,3,0,0,0,0
429,430,Utica Pioneers,utica,"Utica, New York",1982,1987,6,158,64,94,.405,-12.95,-7.35,0,0,0,0,0,0
430,431,Valparaiso Crusaders,valparaiso,"Valparaiso, Indiana",1918,2020,85,2137,1132,1005,.530,-4.19,-1.71,0,14,10,9,0,0
431,432,Vanderbilt Commodores,vanderbilt,"Nashville, Tennessee",1901,2020,118,2776,1609,1167,.580,8.21,4.69,11,3,3,15,0,0
432,433,Vermont Catamounts,vermont,"Burlington, Vermont",1921,2020,65,1749,928,821,.531,-10.05,-6.93,0,10,7,7,0,0
433,434,Villanova Wildcats,villanova,"Villanova, Pennsylvania",1921,2020,100,2718,1782,936,.656,10.31,5.58,23,12,7,39,6,3
434,435,Virginia Cavaliers,virginia,"Charlottesville, Virginia",1906,2020,115,2805,1636,1168,.583,6.96,5.49,13,10,3,23,3,1
435,436,Virginia Commonwealth Rams,virginia-commonwealth,"Richmond, Virginia",1974,2020,47,1421,922,499,.649,5.37,0.66,3,11,9,17,1,0
436,437,Virginia Military Institute Keydets,virginia-military-institute,"Lexington, Virginia",1909,2020,112,2437,899,1538,.369,-13.14,-4.95,1,2,3,3,0,0
437,438,Virginia Tech Hokies,virginia-tech,"Blacksburg, Virginia",1909,2020,112,2689,1469,1220,.546,3.89,1.29,2,2,1,11,0,0
438,439,Wabash Little Giants,wabash,"Crawfordsville, Indiana",1897,1925,29,407,301,106,.740,,,0,0,0,,,
439,440,Wagner Seahawks,wagner,"Staten Island, New York",1966,2020,48,1356,659,697,.486,-9.87,-7.24,0,3,1,1,0,0
440,441,Wake Forest Demon Deacons,wake-forest,"Winston-Salem, North Carolina",1906,2020,114,2777,1539,1238,.554,7.99,6.12,17,4,5,23,1,0
441,442,Washburn Ichabods,washburn,"Topeka, Kansas",1906,1941,35,557,270,283,.488,,,0,0,0,0,0,0
442,443,Washington & Jefferson Presidents,washington-jefferson,"Washington, Pennsylvania",1913,1944,10,128,73,55,.570,,,0,0,0,0,0,0
443,444,Washington & Lee Generals,washington-lee,"Lexington, Virginia",1907,1959,51,905,472,432,.522,-15.29,-5.66,0,3,2,0,0,0
444,445,Washington (MO) Bears,washington-mo,"St. Louis, Missouri",1905,1960,52,921,433,488,.470,-5.26,-1.82,0,2,0,0,0,0
445,446,Washington College Shoremen,washington-college,"Chestertown, Maryland",1913,1925,13,151,109,42,.722,,,0,0,0,,,
446,447,Washington Huskies,washington,"Seattle, Washington",1896,2020,119,2987,1800,1187,.603,7.52,6.04,8,12,3,17,1,0
447,448,Washington State Cougars,washington-state,"Pullman, Washington",1902,2020,119,3124,1595,1529,.511,2.91,4.71,3,2,0,6,1,0
448,449,Wayne State (MI) Warriors,wayne-state-mi,"Detroit, Michigan",1928,1950,5,104,47,57,.452,,,0,0,0,0,0,0
449,450,Weber State Wildcats,weber-state,"Ogden, Utah",1964,2020,57,1651,1040,611,.630,0.00,-2.32,1,22,10,16,0,0
450,451,Wesleyan (CT) Cardinals,wesleyan-ct,"Middletown, Connecticut",1896,1913,13,171,97,74,.567,,,0,0,0,,,
451,452,West Chester Golden Rams,west-chester,"West Chester, Pennsylvania",1899,1982,10,244,86,158,.352,-17.60,-8.15,0,1,0,0,0,0
452,453,West Texas A&M Buffaloes,west-texas-am,"Canyon, Texas",1921,1986,54,1275,707,568,.555,-6.34,-1.65,0,4,0,1,0,0
453,454,West Virginia Mountaineers,west-virginia,"Morgantown, West Virginia",1904,2020,111,2874,1774,1100,.617,7.13,2.50,17,16,13,29,2,0
454,455,Western Carolina Catamounts,western-carolina,"Cullowhee, North Carolina",1977,2020,44,1269,553,716,.436,-8.40,-3.70,0,3,1,1,0,0
455,456,Western Illinois Leathernecks,western-illinois,"Macomb, Illinois",1982,2020,39,1094,454,640,.415,-8.65,-3.68,0,2,1,0,0,0
456,457,Western Kentucky Hilltoppers,western-kentucky,"Bowling Green, Kentucky",1922,2020,99,2721,1796,925,.660,3.33,-0.28,11,28,19,23,1,0
457,458,Western Michigan Broncos,western-michigan,"Kalamazoo, Michigan",1914,2020,107,2553,1338,1214,.524,-2.80,-0.31,1,10,2,4,0,0
458,459,Western State Mountaineers,western-state,"Gunnison, Colorado",1924,1937,14,189,88,101,.466,,,0,0,0,,,
459,460,Westminster (MO) Blue Jays,westminster-mo,"Fulton, Missouri",1920,1920,1,17,17,0,1.000,,,0,0,0,,,
460,461,Westminster (PA) Titans,westminster-pa,"New Wilmington, Pennsylvania",1898,1935,21,294,210,84,.714,,,0,0,0,,,
461,462,Wheaton (IL) Thunder,wheaton-il,"Wheaton, Illinois",1902,1905,4,57,39,17,.696,,,0,0,0,,,
462,463,Whittier Poets,whittier,"Whittier, California",1909,1915,3,42,38,3,.927,,,0,0,0,,,
463,464,Wichita State Shockers,wichita-state,"Wichita, Kansas",1906,2020,113,2793,1590,1203,.569,6.09,3.12,8,11,4,15,2,0
464,465,Widener Pride,widener,"Chester, Pennsylvania",1899,1909,5,26,20,6,.769,,,0,0,0,,,
465,466,William & Mary Tribe,william-mary,"Williamsburg, Virginia",1906,2020,115,2642,1237,1405,.468,-5.39,-2.61,0,3,0,0,0,0
466,467,Williams Ephs,williams,"Williamstown, Massachusetts",1901,1911,10,161,136,24,.850,,,0,0,0,,,
467,468,Winthrop Eagles,winthrop,"Rock Hill, South Carolina",1987,2020,34,1000,538,462,.538,-7.51,-6.51,1,9,11,10,0,0
468,469,Wisconsin Badgers,wisconsin,"Madison, Wisconsin",1899,2020,122,2833,1618,1215,.571,8.62,7.64,16,18,3,24,4,1
469,470,Wisconsin-Stevens Point Pointers,wisconsin-stevens-point,"Stevens Point, Wisconsin",1898,1918,21,156,98,58,.628,,,0,0,0,,,
470,471,Wisconsin-Superior Yellowjackets,wisconsin-superior,"Superior, Wisconsin",1900,1901,2,14,10,4,.714,,,0,0,0,,,
471,472,Wittenberg Tigers,wittenberg,"Springfield, Ohio",1931,1931,1,20,18,2,.900,,,0,0,0,,,
472,473,Wofford Terriers,wofford,"Spartanburg, South Carolina",1996,2020,25,743,369,374,.497,-5.38,-2.59,1,4,5,5,0,0
473,474,Wooster Fighting Scots,wooster,"Wooster, Ohio",1901,1931,31,390,225,165,.577,,,0,0,0,,,
474,475,Worcester Tech Engineers,worcester-tech,"Worcester, Massachusetts",1920,1920,1,16,14,2,.875,,,0,0,0,,,
475,476,Wright State Raiders,wright-state,"Dayton, Ohio",1988,2020,33,976,534,442,.547,-1.69,-2.16,0,2,3,3,0,0
476,477,Wyoming Cowboys,wyoming,"Laramie, Wyoming",1905,2020,115,2727,1540,1187,.565,2.69,2.61,4,21,3,15,1,1
477,478,Xavier Musketeers,xavier,"Cincinnati, Ohio",1920,2020,99,2500,1495,1005,.598,5.75,3.65,12,18,9,28,0,0
478,479,Yale Bulldogs,yale,"New Haven, Connecticut",1896,2020,125,2967,1483,1481,.500,-6.42,-4.51,1,14,1,5,0,0
479,480,Youngstown State Penguins,youngstown-state,"Youngstown, Ohio",1948,2020,40,1137,434,703,.382,-8.67,-3.12,0,0,0,0,0,0
